slug	glossary_key	qualifier	minted	status
aglett-butons-childrens-capes	aglett	butons childrens capes	2026-09-29	active
aglett-butons-other-capes-coper	aglett	butons other capes coper	2026-09-29	active
amber-lamber-counterfeit-beades	amber	lamber counterfeit beades	2026-09-29	active
apple-pipins-rinetes	apple	pipins rinetes	2026-09-29	active
ashes-kingdom-of-england	ashes	kingdom of england	2026-09-29	active
ashes-sop	ashes	sop	2026-09-29	active
ashes-uoad	ashes	uoad	2026-09-29	active
ashes-uod	ashes	uod	2026-09-29	active
awl-blade-blades-aules	awl blade	blades aules	2026-09-29	active
awl-blade-shomakres	awl blade	shomakres	2026-09-29	active
awl-haft-haftes-aules	awl haft	haftes aules	2026-09-29	active
bag-lockes	bag	lockes	2026-09-29	active
bag-stel-ringes-uithout-lockes	bag	stel ringes uithout lockes	2026-09-29	active
bag-stel-ringes-uithout-lokes	bag	stel ringes uithout lokes	2026-09-29	active
balance-gold	balance	gold	2026-09-29	active
balance-ounc	balance	ounc	2026-09-29	active
banker-coarse	banker	coarse	2026-09-29	active
banker-fine	banker	fine	2026-09-29	active
banker-uerdu	banker	uerdu	2026-09-29	active
barrel-bordes	barrel	bordes	2026-09-29	active
barrel-hopes	barrel	hopes	2026-09-29	active
bast-rop	bast	rop	2026-09-29	active
bast-ropes	bast	ropes	2026-09-29	active
bast-straw-hates	bast	straw hates	2026-09-29	active
bast-straw-hates-knotes	bast	straw hates knotes	2026-09-29	active
bead-bone	bead	bone	2026-09-29	active
bead-box	bead	box	2026-09-29	active
bead-boxes	bead	boxes	2026-09-29	active
bead-uod	bead	uod	2026-09-29	active
bead-wood	bead	wood	2026-09-29	active
beaver-beles	beaver	beles	2026-09-29	active
beaver-skin	beaver	skin	2026-09-29	active
bellow-uhisteling	bellow	uhisteling	2026-09-29	active
bellow-uhistling	bellow	uhistling	2026-09-29	active
blanket-paris-manteles-red-dye	blanket	paris manteles red dye	2026-09-29	active
blanket-paris-manteles-white	blanket	paris manteles white	2026-09-29	active
bottle-glass	bottle	glass	2026-09-29	active
bottle-glass-uices-covered-leather	bottle	glass uices covered leather	2026-09-29	active
bottle-glass-uncovered	bottle	glass uncovered	2026-09-29	active
bottle-uickers	bottle	uickers	2026-09-29	active
brabant-cloth-cloth	brabant cloth	cloth	2026-10-03	active
brabant-cloth-cloth-other-folden-lik-holland-pec-laun-mifil-uether-fine-coarse	brabant cloth	cloth other folden lik holland pec laun mifil uether fine coarse	2026-10-03	active
brick-county-of-flanders-scoring	brick	county of flanders scoring	2026-09-29	active
bristle-rough	bristle	rough	2026-09-29	active
brush-coarse-heath	brush	coarse heath	2026-09-29	active
brush-coarse-heth-cap	brush	coarse heth cap	2026-09-29	active
brush-fine	brush	fine	2026-09-29	active
brush-fine-heath	brush	fine heath	2026-09-29	active
brush-hear	brush	hear	2026-09-29	active
brush-rubing-hear	brush	rubing hear	2026-09-29	active
brush-rubing-heath	brush	rubing heath	2026-09-29	active
brush-rubing-i	brush	rubing i	2026-09-29	active
brush-weaver-hear	brush	weaver hear	2026-09-29	active
buckram-france	buckram	france	2026-09-29	active
buckram-france-making-hanginges	buckram	france making hanginges	2026-09-29	active
buckram-short-roules	buckram	short roules	2026-09-29	active
budge-black	budge	black	2026-09-29	active
budge-black-taued	budge	black taued	2026-09-29	active
budge-black-untaued	budge	black untaued	2026-09-29	active
budge-isle-of-wight-bodges	budge	isle of wight bodges	2026-09-29	active
budge-romney	budge	romney	2026-09-29	active
budge-white-taued	budge	white taued	2026-09-29	active
buske-broad	buske	broad	2026-09-29	active
buske-cloth-broad	buske	cloth broad	2026-09-29	active
butter-corupt	butter	corupt	2026-09-29	active
butter-god	butter	god	2026-09-29	active
button-file	button	file	2026-09-29	active
button-silk	button	silk	2026-09-29	active
button-stel-coper-tin-latten-jerkins	button	stel coper tin latten jerkins	2026-09-29	active
cable-ropes	cable	ropes	2026-09-29	active
cable-ropes-untared	cable	ropes untared	2026-09-29	active
calaber-in-season	calaber	in season	2026-09-29	active
calaber-out-of-season	calaber	out of season	2026-09-29	active
calaber-taued	calaber	taued	2026-09-29	active
calaber-untaued	calaber	untaued	2026-09-29	active
calamine-alias-large	calamine	alias large	2026-09-29	active
camlet-uatred-unuatred	camlet	uatred unuatred	2026-09-29	active
canvas-baras	canvas	baras	2026-09-29	active
canvas-coarse-packing	canvas	coarse packing	2026-09-29	active
canvas-cunterfet-uorst	canvas	cunterfet uorst	2026-09-29	active
canvas-neucastel	canvas	neucastel	2026-09-29	active
canvas-neuecastel	canvas	neuecastel	2026-09-29	active
canvas-normandy	canvas	normandy	2026-09-29	active
canvas-normandy-brown	canvas	normandy brown	2026-09-29	active
canvas-normandy-brown-cloth	canvas	normandy brown cloth	2026-09-29	active
canvas-normandy-white	canvas	normandy white	2026-09-29	active
canvas-paris	canvas	paris	2026-09-29	active
canvas-prussia	canvas	prussia	2026-09-29	active
canvas-quilted-silk	canvas	quilted silk	2026-09-29	active
canvas-striped-file	canvas	striped file	2026-09-29	active
canvas-striped-silk	canvas	striped silk	2026-09-29	active
canvas-uitori	canvas	uitori	2026-09-29	active
canvas-uorking-brod	canvas	uorking brod	2026-09-29	active
canvas-uorking-ele-broad	canvas	uorking ele broad	2026-09-29	active
canvas-uorking-narrow	canvas	uorking narrow	2026-09-29	active
canvas-vitry	canvas	vitry	2026-09-29	active
cap-balsanum	cap	balsanum	2026-09-29	active
cap-botoned-english	cap	botoned english	2026-09-29	active
cap-caces-lether	cap	caces lether	2026-09-29	active
cap-childrens-night	cap	childrens night	2026-09-29	active
cap-coarse	cap	coarse	2026-09-29	active
cap-dobl-tarsed-cokered	cap	dobl tarsed cokered	2026-09-29	active
cap-double-tarfed-necked-other-france-making	cap	double tarfed necked other france making	2026-09-29	active
cap-france-other-double-tarfed	cap	france other double tarfed	2026-09-29	active
cap-france-single-tarfed	cap	france single tarfed	2026-09-29	active
cap-gold	cap	gold	2026-09-29	active
cap-prest	cap	prest	2026-09-29	active
cap-riband	cap	riband	2026-09-29	active
cap-single-crounes	cap	single crounes	2026-09-29	active
cap-single-tarfs	cap	single tarfs	2026-09-29	active
carpet-ghent	carpet	ghent	2026-09-29	active
carpet-turnei-venice	carpet	turnei venice	2026-09-29	active
carpet-turqui	carpet	turqui	2026-09-29	active
case-decorated-larg-ivory-combes	case	decorated larg ivory combes	2026-09-29	active
case-garneshed-ivory-combes-mid	case	garneshed ivory combes mid	2026-09-29	active
case-spectakl-gilt	case	spectakl gilt	2026-09-29	active
case-spectakl-ungilt	case	spectakl ungilt	2026-09-29	active
casket-large	casket	large	2026-09-29	active
casket-mid	casket	mid	2026-09-29	active
casket-small	casket	small	2026-09-29	active
casket-stel-casketes	casket	stel casketes	2026-09-29	active
cat-fur-paw	cat fur	paw	2026-09-29	active
cat-fur-skin	cat fur	skin	2026-09-29	active
cat-fur-womb	cat fur	womb	2026-09-29	active
caul-linen-uomen	caul	linen uomen	2026-09-29	active
caul-silk-childrens	caul	silk childrens	2026-09-29	active
chafer-iron	chafer	iron	2026-09-29	active
chafer-latten	chafer	latten	2026-09-29	active
chest-cyprus	chest	cyprus	2026-09-29	active
chest-prussia-dansk	chest	prussia dansk	2026-09-29	active
chisel-half	chisel	half	2026-09-29	active
chisel-joiners-whole	chisel	joiners whole	2026-09-29	active
clapboard-large	clapboard	large	2026-09-29	active
clapboard-small	clapboard	small	2026-09-29	active
cloth-brabant-other-folden-lik-holland-pec-laun-mifil-uether-fine-coarse	cloth	brabant other folden lik holland pec laun mifil uether fine coarse	2026-09-29	active
cloth-bresil	cloth	bresil	2026-09-29	active
cloth-bretish	cloth	bretish	2026-09-29	active
cloth-brisel	cloth	brisel	2026-09-29	active
cloth-brittany	cloth	brittany	2026-09-29	active
cloth-calico	cloth	calico	2026-09-29	active
cloth-calicou	cloth	calicou	2026-09-29	active
cloth-diapor-tabl	cloth	diapor tabl	2026-09-29	active
cloth-dioper-tabl	cloth	dioper tabl	2026-09-29	active
cloth-doughlas-bretish-crest-lokeram-conteining-scor	cloth	doughlas bretish crest lokeram conteining scor	2026-09-29	active
cloth-florauns-wool	cloth	florauns wool	2026-09-29	active
cloth-france-wool	cloth	france wool	2026-09-29	active
cloth-ghent	cloth	ghent	2026-09-29	active
cloth-gold-plain	cloth	gold plain	2026-09-29	active
cloth-gold-worked	cloth	gold worked	2026-09-29	active
cloth-hastrei-brown	cloth	hastrei brown	2026-09-29	active
cloth-hazebrouck	cloth	hazebrouck	2026-09-29	active
cloth-hazebrouck-brown	cloth	hazebrouck brown	2026-09-29	active
cloth-hazebrouck-white	cloth	hazebrouck white	2026-09-29	active
cloth-hesigham	cloth	hesigham	2026-09-29	active
cloth-lineng-caled-camemerick	cloth	lineng caled camemerick	2026-09-29	active
cloth-lining-brabond	cloth	lining brabond	2026-09-29	active
cloth-lining-right-city-of-brussels-cunterfet	cloth	lining right city of brussels cunterfet	2026-09-29	active
cloth-munster	cloth	munster	2026-09-29	active
cloth-siluer-plain	cloth	siluer plain	2026-09-29	active
cloth-siluer-worked	cloth	siluer worked	2026-09-29	active
cloth-stiched-worked	cloth	stiched worked	2026-09-29	active
cloth-tissue	cloth	tissue	2026-09-29	active
cloth-white-normandy	cloth	white normandy	2026-09-29	active
cod-fish	cod	fish	2026-09-29	active
cod-hedes	cod	hedes	2026-09-29	active
cod-heds	cod	heds	2026-09-29	active
coffer-bares	coffer	bares	2026-09-29	active
coffer-covered-gilt-lether	coffer	covered gilt lether	2026-09-29	active
coffer-covered-ueluet	coffer	covered ueluet	2026-09-29	active
coffer-painted	coffer	painted	2026-09-29	active
coffer-plain	coffer	plain	2026-09-29	active
comb-caces	comb	caces	2026-09-29	active
comb-caces-double	comb	caces double	2026-09-29	active
comb-cases-decorated-uoden	comb	cases decorated uoden	2026-09-29	active
comb-fox-case-dobl	comb	fox case dobl	2026-09-29	active
comb-fox-case-single	comb	fox case single	2026-09-29	active
comb-horn-barbors	comb	horn barbors	2026-09-29	active
comb-horsmaines	comb	horsmaines	2026-09-29	active
comb-nauern-box	comb	nauern box	2026-09-29	active
comb-nauern-boxes	comb	nauern boxes	2026-09-29	active
comb-small	comb	small	2026-09-29	active
compass-joiners-carpenters	compass	joiners carpenters	2026-09-29	active
compass-shipes	compass	shipes	2026-09-29	active
copper-brouches	copper	brouches	2026-09-29	active
copper-cheines	copper	cheines	2026-09-29	active
copper-gold-2	copper	gold	2026-09-29	active
copper-gold-quils-roles	copper	gold quils roles	2026-09-29	active
copper-gold-upon-quiles	copper	gold upon quiles	2026-09-29	active
copper-goul	copper	goul	2026-09-29	active
copper-red-round-square	copper	red round square	2026-09-29	active
copper-round-square	copper	round square	2026-09-29	active
copperas-grean	copperas	grean	2026-09-29	active
cotton-8-new	cotton_8	new	2026-09-29	active
cotton-8-new-womens-hedes	cotton_8	new womens hedes	2026-09-29	active
cotton-8-old	cotton_8	old	2026-09-29	active
cotton-8-old-womens-hedes	cotton_8	old womens hedes	2026-09-29	active
cotton-8-spon	cotton_8	spon	2026-09-29	active
cotton-8-unspon	cotton_8	unspon	2026-09-29	active
cotton-8-uol	cotton_8	uol	2026-09-29	active
cotton-8-uol-spoun	cotton_8	uol spoun	2026-09-29	active
crest-cloth	crest	cloth	2026-09-29	active
crest-cloth-lokeram-doglas	crest	cloth lokeram doglas	2026-09-29	active
crewel-cadas-riband	crewel	cadas riband	2026-09-29	active
crewel-girdeles	crewel	girdeles	2026-09-29	active
crewel-girdels	crewel	girdels	2026-09-29	active
crewel-ribond	crewel	ribond	2026-09-29	active
crewel-worsted-iarn	crewel	worsted iarn	2026-09-29	active
crossbow-file	crossbow	file	2026-09-29	active
crossbow-lathes	crossbow	lathes	2026-09-29	active
crossbow-thrid	crossbow	thrid	2026-09-29	active
cruse-stoneware-uith-couers	cruse	stoneware uith couers	2026-09-29	active
cruse-stoneware-uithout-couers	cruse	stoneware uithout couers	2026-09-29	active
curtain-caparis	curtain	caparis	2026-09-29	active
curtain-ringes	curtain	ringes	2026-09-29	active
cushion-clothes	cushion	clothes	2026-09-29	active
cushion-clothes-coarse	cushion	clothes coarse	2026-09-29	active
cushion-clothes-holland-making	cushion	clothes holland making	2026-09-29	active
dagger-black-velvet-shethes	dagger	black velvet shethes	2026-09-29	active
dagger-coarse	dagger	coarse	2026-09-29	active
dagger-fine-childrens	dagger	fine childrens	2026-09-29	active
dagger-gilt-velvet-shethes	dagger	gilt velvet shethes	2026-09-29	active
damask-cafa-damask	damask	cafa damask	2026-09-29	active
damask-cafa-damask-crimson-purple	damask	cafa damask crimson purple	2026-09-29	active
damask-coloures	damask	coloures	2026-09-29	active
damask-crimson-purpel	damask	crimson purpel	2026-09-29	active
damask-lether-taued	damask	lether taued	2026-09-29	active
damask-napkins	damask	napkins	2026-09-29	active
damask-tabl-cloth	damask	tabl cloth	2026-09-29	active
damask-toueling	damask	toueling	2026-09-29	active
damask-uark	damask	uark	2026-09-29	active
damask-worked	damask	worked	2026-09-29	active
deal-bourdes-prussia	deal	bourdes prussia	2026-09-29	active
deal-norway	deal	norway	2026-09-29	active
dial-bone	dial	bone	2026-09-29	active
dial-wood	dial	wood	2026-09-29	active
dornick-cadas	dornick	cadas	2026-09-29	active
dornick-file	dornick	file	2026-09-29	active
dornick-green-tournai	dornick	green tournai	2026-09-29	active
dornick-silk	dornick	silk	2026-09-29	active
dornick-thriden	dornick	thriden	2026-09-29	active
dornick-uithout-silk-cadas	dornick	uithout silk cadas	2026-09-29	active
dornick-uol	dornick	uol	2026-09-29	active
dornick-wool	dornick	wool	2026-09-29	active
doublet-canuas	doublet	canuas	2026-09-29	active
doublet-canuas-quilted	doublet	canuas quilted	2026-09-29	active
doublet-silk-quilted	doublet	silk quilted	2026-09-29	active
dudgeon-loges	dudgeon	loges	2026-09-29	active
eel-chaft-eles	eel	chaft eles	2026-09-29	active
eel-chaft-elis	eel	chaft elis	2026-09-29	active
eel-pimper	eel	pimper	2026-09-29	active
eel-pimper-eles	eel	pimper eles	2026-09-29	active
eel-shaft-kiu-dol	eel	shaft kiu dol	2026-09-29	active
eel-stoub	eel	stoub	2026-09-29	active
eel-stub	eel	stub	2026-09-29	active
falcon-hauk	falcon	hauk	2026-09-29	active
falcon-haukes	falcon	haukes	2026-09-29	active
fig-frailes	fig	frailes	2026-09-29	active
fish-bareled	fish	bareled	2026-09-29	active
fish-mid	fish	mid	2026-09-29	active
fish-new-land	fish	new land	2026-09-29	active
fish-new-land-greatist	fish	new land greatist	2026-09-29	active
fish-small	fish	small	2026-09-29	active
fish-stapl	fish	stapl	2026-09-29	active
fitches-bareled	fitches	bareled	2026-09-29	active
fitches-stock-calid-cropeling	fitches	stock calid cropeling	2026-09-29	active
fitches-stock-calid-fit-ling	fitches	stock calid fit ling	2026-09-29	active
fitches-stock-gil-fisch	fitches	stock gil fisch	2026-09-29	active
flask-covered-velvet	flask	covered velvet	2026-09-29	active
flask-gon-powdered-covered-lether	flask	gon powdered covered lether	2026-09-29	active
flax-hickeled-sak-c	flax	hickeled sak c	2026-09-29	active
flax-pak-c	flax	pak c	2026-09-29	active
flax-unwrought	flax	unwrought	2026-09-29	active
flax-worked	flax	worked	2026-09-29	active
foin-out-of-season	foin	out of season	2026-09-29	active
foin-out-of-season-womb	foin	out of season womb	2026-09-29	active
foin-tailes	foin	tailes	2026-09-29	active
foin-womb	foin	womb	2026-09-29	active
foin-womb-out-of-season	foin	womb out of season	2026-09-29	active
fox-isle-of-wight	fox	isle of wight	2026-09-29	active
fox-skin	fox	skin	2026-09-29	active
fox-skines	fox	skines	2026-09-29	active
fox-womb-fox-poles-petes	fox	womb fox poles petes	2026-09-29	active
fox-womb-poules-peces	fox	womb poules peces	2026-09-29	active
fustian-anapels	fustian	anapels	2026-09-29	active
fustian-jan	fustian	jan	2026-09-29	active
fustian-milain	fustian	milain	2026-09-29	active
fustian-naples	fustian	naples	2026-09-29	active
genet-black	genet	black	2026-09-29	active
genet-black-in-season	genet	black in season	2026-09-29	active
genet-black-raw	genet	black raw	2026-09-29	active
genet-grey	genet	grey	2026-09-29	active
genet-grey-in-season	genet	grey in season	2026-09-29	active
genet-grey-raw	genet	grey raw	2026-09-29	active
girdle-buff-coarse-ungilt	girdle	buff coarse ungilt	2026-09-29	active
girdle-buff-gilted	girdle	buff gilted	2026-09-29	active
girdle-lether	girdle	lether	2026-09-29	active
girdle-velvet-guilt	girdle	velvet guilt	2026-09-29	active
girdle-velvet-ungilt	girdle	velvet ungilt	2026-09-29	active
glass-3-balm	glass_3	balm	2026-09-29	active
glass-3-baum	glass_3	baum	2026-09-29	active
glass-3-drink	glass_3	drink	2026-09-29	active
glass-3-for-drinking-france-making	glass_3	for drinking france making	2026-09-29	active
glass-3-for-drinking-venice-making	glass_3	for drinking venice making	2026-09-29	active
glass-3-france-making	glass_3	france making	2026-09-29	active
glass-3-loking	glass_3	loking	2026-09-29	active
glass-3-ouer	glass_3	ouer	2026-09-29	active
glass-3-ouer-county-of-flanders-making-fine	glass_3	ouer county of flanders making fine	2026-09-29	active
glass-3-ouer-venice-making	glass_3	ouer venice making	2026-09-29	active
glass-3-roseuater-other-suet-uater-venice-making-oiles-lik	glass_3	roseuater other suet uater venice making oiles lik	2026-09-29	active
glass-3-spectacles	glass_3	spectacles	2026-09-29	active
glove-bruges	glove	bruges	2026-09-29	active
glove-bruges-france	glove	bruges france	2026-09-29	active
glove-canari-unwrought	glove	canari unwrought	2026-09-29	active
glove-knitted-silk	glove	knitted silk	2026-09-29	active
glove-milan-unwrought	glove	milan unwrought	2026-09-29	active
glove-milin-canary-islands	glove	milin canary islands	2026-09-29	active
glove-venice-milan-canari-worked-gold-silk-silver	glove	venice milan canari worked gold silk silver	2026-09-29	active
glove-venice-unwrought	glove	venice unwrought	2026-09-29	active
goat-skin-skin	goat skin	skin	2026-09-29	active
grey-taued	grey	taued	2026-09-29	active
grey-tawed	grey	tawed	2026-09-29	active
grey-untaued	grey	untaued	2026-09-29	active
gross-abou-thes-rates	gross	abou thes rates	2026-09-29	active
gross-dosen-paper	gross	dosen paper	2026-09-29	active
gum-ammoniac	gum	ammoniac	2026-09-29	active
gum-apopomack	gum	apopomack	2026-09-29	active
gum-arabia	gum	arabia	2026-09-29	active
gum-ceraphan	gum	ceraphan	2026-09-29	active
gum-eder	gum	eder	2026-09-29	active
gum-elemni	gum	elemni	2026-09-29	active
gum-junperi	gum	junperi	2026-09-29	active
gunpowder-corn	gunpowder	corn	2026-09-29	active
gunpowder-serpentin	gunpowder	serpentin	2026-09-29	active
halberd-gilt	halberd	gilt	2026-09-29	active
halberd-ungilt	halberd	ungilt	2026-09-29	active
hat-bandes-coarse	hat	bandes coarse	2026-09-29	active
hat-bandes-fine	hat	bandes fine	2026-09-29	active
hat-france	hat	france	2026-09-29	active
hat-saten	hat	saten	2026-09-29	active
hat-silk-men-uomen-france-making	hat	silk men uomen france making	2026-09-29	active
hat-spain-feltes-portugal	hat	spain feltes portugal	2026-09-29	active
hat-uol-worsted-being-thrum	hat	uol worsted being thrum	2026-09-29	active
hat-velvet	hat	velvet	2026-09-29	active
hat-venice-spain	hat	venice spain	2026-09-29	active
hat-worsted-short-thrum-bruges	hat	worsted short thrum bruges	2026-09-29	active
hemp-colain	hemp	colain	2026-09-29	active
hemp-cologne	hemp	cologne	2026-09-29	active
herring-ful	herring	ful	2026-09-29	active
herring-full	herring	full	2026-09-29	active
herring-red	herring	red	2026-09-29	active
herring-shotten	herring	shotten	2026-09-29	active
hook-endes	hook	endes	2026-09-29	active
hook-small	hook	small	2026-10-03	active
horn-tip-hornes	horn tip	hornes	2026-09-29	active
horn-tip-hornes-horn	horn tip	hornes horn	2026-09-29	active
hose-long	hose	long	2026-09-29	active
hose-prussia-skin	hose	prussia skin	2026-09-29	active
hose-short	hose	short	2026-09-29	active
hose-silk-knitted	hose	silk knitted	2026-09-29	active
inkle-unwrought-white-file-single-double	inkle	unwrought white file single double	2026-09-29	active
inkle-worked	inkle	worked	2026-09-29	active
iperling-red	iperling	red	2026-09-29	active
javelin-uithout-heades	javelin	uithout heades	2026-09-29	active
knife-almain	knife	almain	2026-09-29	active
knife-caruing	knife	caruing	2026-09-29	active
knife-coarse	knife	coarse	2026-09-29	active
knife-colain	knife	colain	2026-09-29	active
knife-fine-velvet-shethes	knife	fine velvet shethes	2026-09-29	active
knife-france-coarse	knife	france coarse	2026-09-29	active
knife-paires-almain-other-coarse	knife	paires almain other coarse	2026-09-29	active
knife-paires-cologne-kniues	knife	paires cologne kniues	2026-09-29	active
knife-paires-france-coarse	knife	paires france coarse	2026-09-29	active
knife-penkniues	knife	penkniues	2026-09-29	active
knife-prages	knife	prages	2026-09-29	active
knife-rasures	knife	rasures	2026-09-29	active
knife-stockes-coarse-ungilt	knife	stockes coarse ungilt	2026-09-29	active
knife-stockes-guilt	knife	stockes guilt	2026-09-29	active
knife-sword-blades	knife	sword blades	2026-09-29	active
knife-velvet-shethes-coarse-childrens	knife	velvet shethes coarse childrens	2026-09-29	active
lace-britain	lace	britain	2026-09-29	active
lace-flaunderes	lace	flaunderes	2026-09-29	active
lamb-black	lamb	black	2026-09-29	active
lamb-skin-black	lamb	skin black	2026-09-29	active
lamb-skin-morkin	lamb	skin morkin	2026-09-29	active
lamb-skin-white	lamb	skin white	2026-09-29	active
latten-basan	latten	basan	2026-09-29	active
latten-basons	latten	basons	2026-09-29	active
latten-black-roles	latten	black roles	2026-09-29	active
latten-black-roules	latten	black roules	2026-09-29	active
latten-candelstickes-large-sort	latten	candelstickes large sort	2026-09-29	active
latten-candilsteckes-small-b-ui	latten	candilsteckes small b ui	2026-09-29	active
latten-cesternes-cuperdes	latten	cesternes cuperdes	2026-09-29	active
latten-counters	latten	counters	2026-09-29	active
latten-plat	latten	plat	2026-09-29	active
latten-shauen	latten	shauen	2026-09-29	active
latten-shoing-hornes	latten	shoing hornes	2026-09-29	active
latten-uier	latten	uier	2026-09-29	active
leather-bages-lockes	leather	bages lockes	2026-09-29	active
leather-bages-uithout-lockes	leather	bages uithout lockes	2026-09-29	active
leather-coshens	leather	coshens	2026-09-29	active
leather-couschenes	leather	couschenes	2026-09-29	active
leather-cushinges	leather	cushinges	2026-09-29	active
leather-dansk-taud	leather	dansk taud	2026-09-29	active
leather-girdels	leather	girdels	2026-09-29	active
leather-girdels-new-making	leather	girdels new making	2026-09-29	active
leather-laces	leather	laces	2026-09-29	active
leather-red-bash-coshines	leather	red bash coshines	2026-09-29	active
leather-touch-boxes	leather	touch boxes	2026-09-29	active
lettuis-taued	lettuis	taued	2026-09-29	active
lettuis-untaued	lettuis	untaued	2026-09-29	active
looking-glass-cristal-larg	looking glass	cristal larg	2026-09-29	active
looking-glass-cristal-small	looking glass	cristal small	2026-09-29	active
looking-glass-stel-larg	looking glass	stel larg	2026-09-29	active
looking-glass-stel-small	looking glass	stel small	2026-09-29	active
lute-caces	lute	caces	2026-09-29	active
lute-fox-case-cologne	lute	fox case cologne	2026-09-29	active
lute-fox-case-venice	lute	fox case venice	2026-09-29	active
madder-crop-humberou	madder	crop humberou	2026-09-29	active
madder-mul	madder	mul	2026-09-29	active
madder-mull	madder	mull	2026-09-29	active
mail-andelotes	mail	andelotes	2026-09-29	active
malt-musti	malt	musti	2026-09-29	active
marten-taued	marten	taued	2026-09-29	active
morion-grauen	morion	grauen	2026-09-29	active
morion-plain	morion	plain	2026-09-29	active
mynk-taued	mynk	taued	2026-09-29	active
mynk-untaued	mynk	untaued	2026-09-29	active
nail-large	nail	large	2026-09-29	active
nail-large-large-headed-nail	nail	large large headed nail	2026-09-29	active
nail-large-that-4d-5d-6d	nail	large that 4d 5d 6d	2026-09-29	active
nail-small	nail	small	2026-09-29	active
napkin-diapor	napkin	diapor	2026-09-29	active
napkin-dioper-coarse	napkin	dioper coarse	2026-09-29	active
napkin-dioper-damask-uark	napkin	dioper damask uark	2026-09-29	active
napkin-france	napkin	france	2026-09-29	active
napkin-france-making	napkin	france making	2026-09-29	active
nightcap-knitted-silk	nightcap	knitted silk	2026-09-29	active
nightcap-linen	nightcap	linen	2026-09-29	active
nightcap-saten	nightcap	saten	2026-09-29	active
nightcap-scarlet	nightcap	scarlet	2026-09-29	active
nightcap-velvet	nightcap	velvet	2026-09-29	active
nightcap-wool	nightcap	wool	2026-09-29	active
oil-bay	oil	bay	2026-09-29	active
oil-camomoia	oil	camomoia	2026-09-29	active
oil-chariosis	oil	chariosis	2026-09-29	active
oil-ciuil	oil	ciuil	2026-09-29	active
oil-lentisimum	oil	lentisimum	2026-09-29	active
oil-linsed	oil	linsed	2026-09-29	active
oil-masis	oil	masis	2026-09-29	active
oil-met-oil-rap	oil	met oil rap	2026-09-29	active
oil-oliu	oil	oliu	2026-09-29	active
oil-petoleum	oil	petoleum	2026-09-29	active
oil-spic	oil	spic	2026-09-29	active
oil-spik	oil	spik	2026-09-29	active
oil-tran	oil	tran	2026-09-29	active
oil-uol-oil	oil	uol oil	2026-09-29	active
oil-uol-tran	oil	uol tran	2026-09-29	active
otter-skin	otter	skin	2026-09-29	active
otter-skin-raw	otter	skin raw	2026-09-29	active
otter-skin-taued	otter	skin taued	2026-09-29	active
padlock-large	padlock	large	2026-09-29	active
padlock-small	padlock	small	2026-09-29	active
partisan-bor-speares-gilt	partisan	bor speares gilt	2026-09-29	active
partisan-bor-speares-ungilt	partisan	bor speares ungilt	2026-09-29	active
passement-silk	passement	silk	2026-09-29	active
passement-silk-file	passement	silk file	2026-09-29	active
paving-stone-earth	paving stone	earth	2026-09-29	active
pelt-prussia	pelt	prussia	2026-09-29	active
pelt-uesils	pelt	uesils	2026-09-29	active
pen-case-alon	pen case	alon	2026-09-29	active
pen-case-inckhornes	pen case	inckhornes	2026-09-29	active
pen-case-inkehornes	pen case	inkehornes	2026-09-29	active
pen-case-uithout-inkehornes	pen case	uithout inkehornes	2026-09-29	active
peper-long	peper	long	2026-09-29	active
pin-piloues-cloth	pin	piloues cloth	2026-09-29	active
pin-piloues-velvet-silk	pin	piloues velvet silk	2026-09-29	active
pincers-pinsers	pincers	pinsers	2026-09-29	active
pitch-tar	pitch	tar	2026-09-29	active
playing-card-france-making	playing card	france making	2026-09-29	active
playing-table-brasel-bone	playing table	brasel bone	2026-09-29	active
playing-table-county-of-flanders-making-uainscot	playing table	county of flanders making uainscot	2026-09-29	active
playing-table-fine-damask-making	playing table	fine damask making	2026-09-29	active
playing-table-ualnut-tre	playing table	ualnut tre	2026-09-29	active
point-file	point	file	2026-09-29	active
pouch-ring	pouch	ring	2026-09-29	active
pouch-ringes	pouch	ringes	2026-09-29	active
pouch-ringes-other-single-double	pouch	ringes other single double	2026-09-29	active
pouch-stel-ringes	pouch	stel ringes	2026-09-29	active
pouch-uith-lockes	pouch	uith lockes	2026-09-29	active
primer-printed	primer	printed	2026-09-29	active
purse-bulions	purse	bulions	2026-09-29	active
purse-childrens	purse	childrens	2026-09-29	active
quern-2-stoneware	quern_2	stoneware	2026-09-29	active
quern-2-stoneware-musterd	quern_2	stoneware musterd	2026-09-29	active
quille-gos	quille	gos	2026-09-29	active
rabbit-skin-black	rabbit skin	black	2026-09-29	active
rabbit-skin-grey	rabbit skin	grey	2026-09-29	active
rabbit-skin-grey-out-of-season	rabbit skin	grey out of season	2026-09-29	active
rabbit-skin-skines-in-season	rabbit skin	skines in season	2026-09-29	active
rabbit-skin-skines-out-of-season	rabbit skin	skines out of season	2026-09-29	active
raisin-corons	raisin	corons	2026-09-29	active
raisin-large	raisin	large	2026-09-29	active
raisin-son	raisin	son	2026-09-29	active
reed-canes	reed	canes	2026-09-29	active
reed-coper-square-round	reed	coper square round	2026-09-29	active
rod-large	rod	large	2026-09-29	active
rod-small	rod	small	2026-09-29	active
rosin-poi-rosin-idem-est-quasi-quod-frankinsenc	rosin	poi rosin idem est quasi quod frankinsenc	2026-09-29	active
sable-second-sort	sable	second sort	2026-09-29	active
sable-uorst	sable	uorst	2026-09-29	active
saffron-beiound-se	saffron	beiound se	2026-09-29	active
salmon-girles	salmon	girles	2026-09-29	active
salmon-gret-band	salmon	gret band	2026-09-29	active
salmon-griles	salmon	griles	2026-09-29	active
salmon-small-band	salmon	small band	2026-09-29	active
salt-bay	salt	bay	2026-09-29	active
salt-bay-salted	salt	bay salted	2026-09-29	active
salt-ermoniak	salt	ermoniak	2026-09-29	active
salt-gem	salt	gem	2026-09-29	active
salt-selers	salt	selers	2026-09-29	active
salt-selors	salt	selors	2026-09-29	active
salt-white	salt	white	2026-09-29	active
sandalwood-ielou	sandalwood	ielou	2026-09-29	active
sandalwood-omnes	sandalwood	omnes	2026-09-29	active
sandalwood-stok	sandalwood	stok	2026-09-29	active
sandalwood-white	sandalwood	white	2026-09-29	active
satin-bruges	satin	bruges	2026-09-29	active
satin-bruges-counterfaitr-tinsel	satin	bruges counterfaitr tinsel	2026-09-29	active
satin-bruges-counterfeit-tinseld-c-u	satin	bruges counterfeit tinseld c u	2026-09-29	active
satin-bruges-purled-counterfeit	satin	bruges purled counterfeit	2026-09-29	active
satin-counterfeit-crimson	satin	counterfeit crimson	2026-09-29	active
satin-crimson-cunterfet	satin	crimson cunterfet	2026-09-29	active
satin-cyprus	satin	cyprus	2026-09-29	active
satin-cyprus-eueri-pec	satin	cyprus eueri pec	2026-09-29	active
satin-out-grain	satin	out grain	2026-09-29	active
satin-right-colduares-isle-of-wight-crain	satin	right colduares isle of wight crain	2026-09-29	active
satin-right-crimisin-grain-purple	satin	right crimisin grain purple	2026-09-29	active
satin-right-crimson-purple-grain	satin	right crimson purple grain	2026-09-29	active
satin-right-purled-gold	satin	right purled gold	2026-09-29	active
satin-tinsel-gold	satin	tinsel gold	2026-09-29	active
satin-tinsel-uith-gold	satin	tinsel uith gold	2026-09-29	active
satin-turqui	satin	turqui	2026-09-29	active
saw-carpenters-handsaues	saw	carpenters handsaues	2026-09-29	active
saw-tuo-handsaues	saw	tuo handsaues	2026-09-29	active
scammony-cakes	scammony	cakes	2026-09-29	active
scammony-drug	scammony	drug	2026-09-29	active
scissors-tailer	scissors	tailer	2026-09-29	active
scissors-tailors	scissors	tailors	2026-09-29	active
scissors-uemen-foreceptes	scissors	uemen foreceptes	2026-09-29	active
sedes-carauai	sedes	carauai	2026-09-29	active
sedes-colimander	sedes	colimander	2026-09-29	active
sedes-uorm	sedes	uorm	2026-09-29	active
seed-ambos	seed	ambos	2026-09-29	active
seed-cartani	seed	cartani	2026-09-29	active
seed-cucumus	seed	cucumus	2026-09-29	active
seed-papauer	seed	papauer	2026-09-29	active
shiermens-sheres-new	shiermens sheres	new	2026-09-29	active
shiermens-sheres-old	shiermens sheres	old	2026-09-29	active
shiermens-sheres-sheres	shiermens sheres	sheres	2026-09-29	active
shoe-new	shoe	new	2026-09-29	active
shoe-old	shoe	old	2026-09-29	active
silk-calon	silk	calon	2026-09-29	active
silk-chamblet	silk	chamblet	2026-09-29	active
silk-colain-clout-pound-four	silk	colain clout pound four	2026-09-29	active
silk-cologne	silk	cologne	2026-09-29	active
silk-feret	silk	feret	2026-09-29	active
silk-granado-black	silk	granado black	2026-09-29	active
silk-granado-dye	silk	granado dye	2026-09-29	active
silk-long-tuenti-ounc	silk	long tuenti ounc	2026-09-29	active
silk-long-uidelicet-tuelu-ounces	silk	long uidelicet tuelu ounces	2026-09-29	active
silk-nobes	silk	nobes	2026-09-29	active
silk-of-best-throuin	silk	of best throuin	2026-09-29	active
silk-paris	silk	paris	2026-09-29	active
silk-raw-best	silk	raw best	2026-09-29	active
silk-raw-cades	silk	raw cades	2026-09-29	active
silk-raw-dye	silk	raw dye	2026-09-29	active
silk-sackcloth	silk	sackcloth	2026-09-29	active
silk-saies	silk	saies	2026-09-29	active
silk-satin	silk	satin	2026-09-29	active
silk-short-ounces	silk	short ounces	2026-09-29	active
silk-short-uidelicet-tuelu-ounces	silk	short uidelicet tuelu ounces	2026-09-29	active
silk-spain	silk	spain	2026-09-29	active
silk-tapistri-uith	silk	tapistri uith	2026-09-29	active
silk-tapistri-uithout-cadas-uol	silk	tapistri uithout cadas uol	2026-09-29	active
silk-throuen-undied	silk	throuen undied	2026-09-29	active
silk-throun	silk	throun	2026-09-29	active
silk-thrum	silk	thrum	2026-09-29	active
silver-bruges	silver	bruges	2026-09-29	active
silver-cologne-gold	silver	cologne gold	2026-09-29	active
silver-gould-bruges	silver	gould bruges	2026-09-29	active
skein-long-white	skein	long white	2026-09-29	active
skein-long-white-file	skein	long white file	2026-09-29	active
soap-black	soap	black	2026-09-29	active
soap-castel	soap	castel	2026-09-29	active
soap-castel-venice	soap	castel venice	2026-09-29	active
soap-castil-isle-of-wight	soap	castil isle of wight	2026-09-29	active
soap-county-of-flanders	soap	county of flanders	2026-09-29	active
spear-uith-hedes	spear	uith hedes	2026-09-29	active
spear-uithout-hedes	spear	uithout hedes	2026-09-29	active
spectacles-fox-case	spectacles	fox case	2026-09-29	active
spoon-alchemy	spoon	alchemy	2026-09-29	active
spoon-aulcamin	spoon	aulcamin	2026-09-29	active
spur-black-uelued	spur	black uelued	2026-09-29	active
spur-gilt-velvet	spur	gilt velvet	2026-09-29	active
standish-couerid-uith-lether-gilt-ungilt	standish	couerid uith lether gilt ungilt	2026-09-29	active
stockfish-cropelinges	stockfish	cropelinges	2026-09-29	active
stockfish-cropling	stockfish	cropling	2026-09-29	active
stockfish-lubfish	stockfish	lubfish	2026-09-29	active
stockfish-titling	stockfish	titling	2026-09-29	active
stockfish-titlinges	stockfish	titlinges	2026-09-29	active
stool-covered-chambr-basons	stool	covered chambr basons	2026-09-29	active
stool-covered-chambr-uithout-basons	stool	covered chambr uithout basons	2026-09-29	active
sword-blade-coarse	sword blade	coarse	2026-09-29	active
sword-blade-slauoni	sword blade	slauoni	2026-09-29	active
taffeta-narrow	taffeta	narrow	2026-09-29	active
taffeta-narrow-spain	taffeta	narrow spain	2026-09-29	active
taffeta-uocata-levant	taffeta	uocata levant	2026-09-29	active
taffeta-uocata-tower	taffeta	uocata tower	2026-09-29	active
tapestry-cadis	tapestry	cadis	2026-09-29	active
tapestry-hear-coarse	tapestry	hear coarse	2026-09-29	active
tapestry-silk	tapestry	silk	2026-09-29	active
tapestry-uerderes-cades	tapestry	uerderes cades	2026-09-29	active
tapestry-uerderes-silk	tapestry	uerderes silk	2026-09-29	active
tapestry-uerderes-uithout-silk	tapestry	uerderes uithout silk	2026-09-29	active
tapestry-uol-uerder	tapestry	uol uerder	2026-09-29	active
tar-bithina-commune	tar	bithina commune	2026-09-29	active
tar-bithina-uetera	tar	bithina uetera	2026-09-29	active
target-coarse	target	coarse	2026-09-29	active
target-fine	target	fine	2026-09-29	active
thread-botom	thread	botom	2026-09-29	active
thread-bruges	thread	bruges	2026-09-29	active
thread-colain	thread	colain	2026-09-29	active
thread-cologne	thread	cologne	2026-09-29	active
thread-lions	thread	lions	2026-09-29	active
thread-otener	thread	otener	2026-09-29	active
thread-oughtnal	thread	oughtnal	2026-09-29	active
thread-outnard	thread	outnard	2026-09-29	active
thread-pack	thread	pack	2026-09-29	active
thread-paris	thread	paris	2026-09-29	active
thread-pecing	thread	pecing	2026-09-29	active
thread-pesing	thread	pesing	2026-09-29	active
thread-pirl-lac-antel	thread	pirl lac antel	2026-10-03	active
thread-riband	thread	riband	2026-10-03	active
thread-ribond	thread	ribond	2026-10-03	active
thread-uotenal	thread	uotenal	2026-09-29	active
tick-bedes	tick	bedes	2026-09-29	active
tick-turnei-tikes-bedes	tick	turnei tikes bedes	2026-09-29	active
tin-cornish	tin	cornish	2026-09-29	active
tin-deuonshir	tin	deuonshir	2026-09-29	active
tin-glass	tin	glass	2026-09-29	active
tin-worked	tin	worked	2026-09-29	active
trencher-comon	trencher	comon	2026-09-29	active
trencher-painted	trencher	painted	2026-09-29	active
trencher-thick	trencher	thick	2026-09-29	active
velvet-bages-large	velvet	bages large	2026-09-29	active
velvet-bages-small	velvet	bages small	2026-09-29	active
velvet-colors-sau-right-crimson	velvet	colors sau right crimson	2026-09-29	active
velvet-dye-out-grain	velvet	dye out grain	2026-09-29	active
velvet-rapers-black-sheathes	velvet	rapers black sheathes	2026-09-29	active
velvet-rapers-gilt-sheathes	velvet	rapers gilt sheathes	2026-09-29	active
velvet-right-crimisin-grain	velvet	right crimisin grain	2026-09-29	active
velvet-right-crimson	velvet	right crimson	2026-09-29	active
velvet-touch-boxes-covered	velvet	touch boxes covered	2026-09-29	active
walnut-nutes	walnut	nutes	2026-09-29	active
winestone-argal-white	winestone	argal white	2026-09-29	active
winestone-red	winestone	red	2026-09-29	active
winestone-uinston	winestone	uinston	2026-09-29	active
wire-claricordes	wire	claricordes	2026-09-29	active
wire-clericordes	wire	clericordes	2026-09-29	active
wire-pirling	wire	pirling	2026-09-29	active
wire-purling	wire	purling	2026-09-29	active
woad-green	woad	green	2026-09-29	active
woad-ile-asorns	woad	ile asorns	2026-09-29	active
woad-ile-surei	woad	ile surei	2026-09-29	active
woad-toulos	woad	toulos	2026-09-29	active
woad-wood-jen	woad	wood jen	2026-09-29	active
wood-alus	wood	alus	2026-09-29	active
wood-balsamum	wood	balsamum	2026-09-29	active
worsted-file	worsted	file	2026-09-29	active
worsted-iarn	worsted	iarn	2026-09-29	active
worsted-lille	worsted	lille	2026-09-29	active
worsted-noruich-worsted	worsted	noruich worsted	2026-09-29	active
worsted-rusels-broad	worsted	rusels broad	2026-09-29	active
worsted-s-thomas	worsted	s thomas	2026-09-29	active
worsted-saint-thomas	worsted	saint thomas	2026-09-29	active
worsted-seint-saint-omer-narrow-half	worsted	seint saint omer narrow half	2026-09-29	active
